Watched,Category,hit_keyword
Â Ertugrul practices his swordsmanship,TRT Drama English,ertugrul
Â The Best and Most Emotional Ramadan Ads,Rounded Cube,ramadan
"Â Ramadan Kareem #CelebratingGoodness with Tata Motors, 2019",Tata Motors,ramadan
"Â Raja Singh, Mufti Salman Azhari, Night Me Chabutra Pe Baithkar Timepass Karne Wale Pareshan",Real Miya Bhai,mufti
Â allah tera shukr hai mufti salman azhari #shorts,Mohammad Imran Qadri,allah
Â Mufti Salman PASA | à¤¬à¤¡à¤¼à¥€ à¤®à¥à¤¸à¥€à¤¬à¤¤ à¤®à¥‡à¤‚ à¤«à¤‚à¤¸à¥‡ à¤®à¥à¤«à¥à¤¤à¥€ à¤¸à¤²à¤®à¤¾à¤¨ à¤…à¤œà¤¹à¤°à¥€ | Mufti Salman Azhari Per Laga PASA Case,AR knowledge,mufti
Â Decorating for Ramadan!,Moribyan,ramadan
Â vivo â€” Ramadan Kareem,vivo Pakistan,ramadan
Â Ramadan shareef ki tayyariðŸ’”ðŸ˜ðŸŒ™ #trending #emotional #humanity #islamic #shorts,Noman Official,ramadan
Â mufti salman azhari dulha ko imama #shorts,Mohammad Imran Qadri,mufti
Â Heart Touching Gazal Status | New Nazam Status 2023 | WhatsApp Status | Islamic Status,ð¬ð¢ð›ðžð¬ðð¢ðœð¬ð±,islamic
Â Mehmed the conqueror edit || rise of empires ottoman || @BEYIMVFX,BEYIM EDITx,empires
"Â Ertugrul Gazi WhatsApp Status Gunduz,s training ðŸ˜ðŸ˜",Rahman Creation,ertugrul
Â Duniya Sirf apne bare me sochti hai | ertugrul words | what's app status,WAJAHAT.CREATION,ertugrul
Â âš”ï¸ðŸ¥·ðŸ»Talwar Niyam Se Nikal Aayi Hai ðŸ˜¤|| ðŸ‡¹ðŸ‡· Payithat Sultan Abdulhamid Status ðŸ”¥âš”ï¸ || #shorts #ottoman,Ghazi_Status,ottoman
Â ertugrul training gunduz | please subscribe,Ertugrul Edits,ertugrul
Â Ertugrul ðŸ˜Š training to gunduzðŸ”¥for fight ðŸ’¯ | ertugrul gazi | status #shorts #ytshort #ertugrul,nk ertugrul gazi,ertugrul
Â Gunduz Osman Savci funny fight over Shining sword Ertugrul S05E87,I H T I,ertugrul
Â Mehmed the conqueror editðŸ‡¹ðŸ‡· #ottoman #empire #mehmedtheconqueror,MEHMED SAHIL,ottoman
Â gunduz training ertugrul ghazi ðŸ’¯ attitude training,Umerali3539,ertugrul
Â Gunduz Fight Training | Cute Gunduz | Dirillis Ertugrul | Ertugrul ghazi Son Gunduz Fight #Shorts,Status Zone,ertugrul
Â Gunduz Funny video to talk Ertugrul | funny status WhatsApp status Ertugrul ghazi drills Turgut a,Edit Zone,ertugrul
Â Sultan Murad and Emperor Shah Jahan friendship (Ottoman empire x Mughal empire),The Ottoman World,ottoman
Â Osman qadiyon ko bacha reha heðŸ’¯Osman childhood Ertugrul Ghazi S05 E01 #ertugrulurdu#shorts Ghazi Edt,GHAZI EDT,ertugrul
Â Ertugrul has inspired Gunduz || Ertugrul Ghazi Status Urdu #viral #shorts #ertugrul,Only Shorts by LB,ertugrul
Â END OF SANJARâ€¢Ertugrul Ghaziâ€¢#shorts,I Y I 2.0 OFFICIAL,ertugrul
Â Ertugrul ve Halimeâ¤ï¸||#dirilisertugrul #shorts #ertugrul #halima #erhal,love_for_ertugrul_gazi,ertugrul
Â Ertugrul Angry at Bamsi for not following his Orders Ertugrul S05E59,I H T I,ertugrul
Â Turgut vs Bamsi FunnyðŸ˜‚ | Dirilis Ertugrul Urdu WhatsApp Status | #Shorts | Turgut Bey | Bamsi Alp,Haezy Creations,ertugrul
Â Ertugrul Slapped Gunduz | Ertugrul getting angry on Gunduz | Ertugrul aggression | Ertugrul Gunduz,All About Dirilis Ertugrul,ertugrul
Â Sood Haram he | Ertugrul linesðŸ’¯ Ertugrul angry on gunduzðŸ˜  Ertugrul Ghazi S05 E02 #ghaziedt #shorts,GHAZI EDT,haram
Â Ertugrul Slap GunduzðŸ’” â€¢Sood Haram Hai â€¢ Ertugrul ghaziâ€¢#shorts,I Y I 2.0 OFFICIAL,ertugrul
Â Ertugrul had full audienceðŸ˜‚ðŸ‘ŒðŸ˜… #ertugrul #ertugrulghazi #enginaltandÃ¼zyatan #goviral #shorts,ðŸ¦‹GoncavidzðŸ¦‹,ertugrul
Â Ertugrul didn't gave blessings to Gunduz | Ertugrul getting angry on Gunduz,All About Dirilis Ertugrul,ertugrul
Â Mehmed the Conqueror | Edit | Rise of Empires: Ottoman,ZARAN.AEP.,empires
Â Ertugrul ghazi & Gunduz Sad Video ðŸ¥¹ðŸ¥° || Father & Son ðŸ¥°ðŸ¥¹,Universal Studios,ertugrul
Â Power of United Muslimâ˜ªï¸ï¸ Ummah | Islamic attitude status | One Ummah status,Md. Q Editz,ummah
Â Israel PM Threatened By Turkish Minister? Erdogan Aide's 'You'll Die' Warning Amid Hamas War,Hindustan Times,erdogan
"Â Hamas' Abu Obaida Calls Netanyahu's '75%' Claim 'Imaginary', Says IDF Killing Israeli Hostages",Hindustan Times,hamas
Â Erdogan's Big Announcement For Gaza Amid Israel-Hamas War;'Turkey Ready To...' | Watch,Hindustan Times,erdogan
Â Israel Hamas War: Al-Qassam Brigades à¤¨à¥‡ à¤Ÿà¥‡à¤‚à¤• à¤¸à¤®à¥‡à¤¤ à¤®à¤¿à¤Ÿà¥à¤Ÿà¥€ à¤®à¥‡à¤‚ à¤®à¤¿à¤²à¤¾ à¤¦à¤¿à¤ à¤‡à¥›à¤°à¤¾à¤‡à¤²à¥€ à¤¸à¥ˆà¤¨à¤¿à¤• | Netaneyahu,News18 Punjab/Haryana/Himachal,hamas
Â Israel Hamas War: Gaza à¤®à¥‡à¤‚ Al-Qassam Brigades à¤¨à¥‡ à¤‰à¤¡à¤¼à¤¾à¤ à¤‡à¤œà¤¼à¤°à¤¾à¤¯à¤²à¥€ Aircraft?|Palestine,KADAK,hamas
"Â ""Reunited: Revert Sister Meets Her Catholic Sister After 4 Months"" #islam #newmuslim #islamicquotes",Reverts Quest,islam
Â RISE OF EMPIRES:OTTOMAN || EDIT || HD 60 FPS,BEYIM EDITx,empires
Â ertugrul ghazi top quotes | Deen aur Emaan | ertugrul line's ðŸ”¥ ertugrul message,S best channel,ertugrul
Â Palestinians in Gaza Hold Funeral for Hamas Political Official | VOA News,Voice of America,gaza
Â Janaza Of Prophet Muhammad Saw #youtube #sawalojawab #quiz #shots,JS India TV,prophet
Â Why isnâ€™t Hollywood talking about Gaza?,AJ+,gaza
Â Gaza doctor forced to amputate daughterâ€™s leg without anaesthesia,TRT World,gaza
Â BAFTA winner uses speech to addresses war in Gaza | #AJshorts,Al Jazeera English,gaza
Â This miracle baby was pulled from a bombed house in #Gaza,AJ+,gaza
Â ErdoÄŸan wins Turkey presidential elections,Channel 4 News,turkey
Â Erdogan denounces â€œmassacresâ€ committed against Muslims in India,TRT World,erdogan
Â Rise of Kara Mustafa in Ukraine (Ottoman Empire vs Tsardom of Moscow),edhaje,ottoman
Â Mehmed the conqueror editðŸ‡¹ðŸ‡· #ottoman #empire #mehmedtheconqueror,MEHMED SAHIL,ottoman
Â à¤…à¤¬ à¤—à¤¾à¤œà¤¼à¤¾ à¤®à¥‡à¤‚ à¤•à¥à¤¯à¤¾ à¤®à¤¿à¤²à¤¾ à¤œà¤¿à¤¸à¤¸à¥‡ à¤®à¥à¤¸à¥à¤²à¤¿à¤® à¤¦à¥à¤¨à¤¿à¤¯à¤¾ à¤®à¥‡à¤‚ à¤–à¤²à¤¬à¤²à¥€ à¤®à¤š à¤—à¤ˆ à¥¤ Story Of Turkey In Gaza - R.H Network,R.H NETWORK,turkey
Â pir Saqib iqbal ðŸŒ¹ðŸŒ¹,mustafar golam TV,saqib
Â Siyasat humare ghar ki londi hai Hume siyasat karne do Tum humko na sikhao Akbaruddin Owaisi Sahab,SIYASAT,sahab
Â Ottoman Gaza (Late Ottoman Empire),edhaje,ottoman
Â Youm e Wisal Imam Shamil R.A | 16 February 1871 | Allama Khadim Hussain Rizvi | AKHR Official,AKHR Official,allama
Â Becoming Mureed Of Pir Saqib Shaami | Hyderabad,Sm Arsh,saqib
Â Allama Khadim Hussain Rizvi | Ala Hazrat Imam Ahmad Raza Ko Hazoor ï·º Ki Ziyarat | Shan e Ala Hazrat,Rizvi Creation,allama
Â imam ahmed raza khan barelvi | Aala Hazrat | khadim hussain rizvi bayan |khadim hussain rizvi latest,Nim wri8s,barelvi
Â Ek Hiran Ki Kahani By | Alama Pir Saqib Shami | 2016,Husn-e-Mustafa,saqib
Â Ek hiran ki kahani by Allama Pir Saqib shaami,Faizan Saqibi,allama
Â Huzoor ï·º Ne Apni Umat K Ulma Ko Kasy Bayan Farmaya | Imam Khadim Hussain Rizvi,Zahid IQbal Arif,khadim
Â â¤ï¸Best Replay to wahabi | Pir saqib shaami| #shorts #youtubeshorts #viralshorts #shortvideo #islamic,MI ISLAMIC CHANNEL,saqib
Â huzur muhaddis e KabirðŸ˜ðŸ¤—|| Mufti Salman azhari status|| #ashortaday #ytshorts,AL MUHAMMADI ACADEMY,mufti
Â Mufti Salman Azhari ðŸ¤« Sayyed Aminul Qadri Sahab Ek Sath #shorts #youtubeshorts #youtube,MSR Qadri Channel,mufti
Â peer saqib shami with Mufti Salman Azhari|| ishq e razvi khr,QADRI RAZVI NOORI,saqib
Â Speculation Rises over Nitish Kumar's Possible U-Turn in Political Alliance,India Today,political
Â Barrister Asaduddin Owaisi Sahab Reached Gujarat Airport #owaisiingujarat #asaduddinowaisi #likevide,Mohd Ahmed AIMIM,sahab
Â Palestine Zindabad | Asaduddin Owaisi | Hyderabad | India,Habeeb-E-Millat Political Research Centre,palestine
Â mufti Salman azhari shorts/short video/Akbaruddin Owaisi/#Salmanazhari #Owaisi#archannel#viralshort,AR Channel @,mufti
Â Mufti Salman Azhari Sahab Ka Deewana Ho Chuka Hu | #muftisalmanazhari #islamicstatus #muslim,Siratul Shorts,mufti
Â Dubai to Bareilly shareef journey by Mufti Salman azhari #muftisalmanazhari #explore,Shahnawaz writer,mufti
Â Mufti Salman Azhari Sahab Sad Bayan status #shortclip #shorts #whatsappstatus,FAIZ E RAZA,mufti
Â Mufti Salman Azhari Sahab Letest News #trendingshorts #muftisalmanazhari #trending #news #trending,Islamic 9ledge,mufti
Â Mufti Salman azhari status ðŸŒ¹|| #ashortaday#shorts#salmanazhari,AL MUHAMMADI ACADEMY,mufti
Â mufti salman azhari entry,Saleem Qadri official,mufti
Â Nara e Takbeer mufti salman azhari #shorts #short,Mohammad Imran Qadri,mufti
Â PROPHET MUHAMMAD (PBUH) IN HINDU SCRIPTURES | Dr Zakir Naik,Ask A Muslim,prophet
"Â How Is Prophet Muhammad Mentioned In the 4,000 Years Old Book Of Hinduism?",Towards Eternity,prophet
Â Jawab-e- Shikwa â¤ Allama Iqbaal Poetry By Zia Mohyeddin #youtubeshorts #ertugrul #shorts #poetry,Kashif Azmi Vlog,allama
Â Allama Iqbal poetry Zia Mohiuddin by Guiding Way,Guiding Way,allama
Â Ertugrul Halima ilbilge sad vmðŸ¥ºðŸ’”| kabhi yaadon me aauðŸ¥€|Ertugrul imagine halima in season 5|#erhal,S.S edits ertugrul,ertugrul
Â Ertugrul ghazi & Gunduz Sad Video ðŸ¥¹ðŸ¥° || Father & Son ðŸ¥°ðŸ¥¹,Universal Studios,ertugrul
Â Erhal love storyâ£ï¸.|Emotional scene ðŸ˜¢.|Ertugrul telling Osman about his motherðŸ’ž.,Nashit 2.0,ertugrul
Â The Scariest Islamic Wedding You Will EVER See! (Unbelievable HORROR),Bobby's Perspective,islamic
Â P A R T - 2 || Ertugrul Talk With Aktol Gili || Aktol Gili And Ertugrul Ghazi #Aktolgili #Abdulgili,Ertugrul Ghazi WhatsApp Status,ertugrul
Â Ertugrul ghazi last episode status||ertugrul ghazi all casts memories ðŸ˜||ertugrul ghazi memories ðŸ’”ðŸ¥º,S.S edits ertugrul,ertugrul
Â Mistake Of Ertugrul Ghazi Drama | ERTUGRUL GHAZI | SiddiQui Media,SiddiQui Media,ertugrul
Â This is why I am not interested in what ex Muslims have to say about Islam!,Veronika Edali,islam
Â Concubinage in Islam,DaralIslamChannel,islam
Â The other side of the Ottoman Empire people don't like to talk about but they did both good & bad,Exposing Dajjal,ottoman
Â What does Islam says about concubines?,The Message,islam
"Â New Series: Islam & Concubinage, Part 1 | Dr. Shabir Ally",Let the Quran Speak,islam
Â Power of Umar Ibn Al-Khattab (R.A) prayer ðŸ¤²ðŸ¼ #shorts #youtubeshorts,ummati,prayer
Â Lion Listening Qur'an â£ï¸ #shorts #viral #trending #shortsfeed #lion #quran #islamic #youtubeshorts,ONLY HALAL FACTS,quran
Â Sultan Mehmed The Conqueror Edit #ottoman,MN EDITZZ,ottoman
Â Ajmal Raza qadri bayan #viral #increasesusbcribers #muhammadï·º #shortsfeed #allah,@islamic channel,allah
Â power of educated Muslim | Asaduddin Owaisi Attitude status | #short,Asad Mohammadi,muslim
Â Newton of Gaza ðŸ˜± #shorts,FACTUNE,gaza
Â Turgut saves Suleyman shah and his family in Urdu | Ertugrul Ghazi S01 E62 #ertugrul GHAZI EDT,GHAZI EDT,ertugrul
Â Ertugrul Ghazi Urdu | Episode 6 | Season 1,tabii Urdu,ertugrul
Â Ertugrul Ghazi Urdu | Episode 06 | Season 3,tabii Urdu,ertugrul
Â Ertugrul Ghazi Urdu | Episode 5 | Season 1,tabii Urdu,ertugrul
Â Ertugrul Ghazi meets Vizier Sahabettin l CLIP,tabii Urdu,ertugrul
Â Ertugrul And Abdul Gali| Ertugrul Ghazi,Filmy Jet,ertugrul
Â Ertugrul Full On Fire ðŸ”¥ Ertugrul MoodOffðŸ¤¬ Ertugrul Killer Attitude ðŸ˜Ž #shorts,á´Ê€ á´˜á´€á´›Êœá´€É´ á´‡á´…Éªá´›s,ertugrul
Â Ertugrul Ghazi || Anatoliya Ka Naya Sultan Banna Hai Mujhe || Funny Scene Noyan,Motivational Tube,ertugrul
Â When Aktogali found ErtugrulðŸ¥ºâ¤ï¸ #aktogali #ertugrul #ertugrulshortstatus #shorts #goviral,ðŸ¦‹GoncavidzðŸ¦‹,ertugrul
Â Ertugrul speaks to his closest friend about his problem l CLIP,tabii Urdu,ertugrul
Â Duniya Sirf apne bare me sochti hai | ertugrul words | what's app status,WAJAHAT.CREATION,ertugrul
Â Allah Sath Ho To Gham Nhi Gomushtakin ðŸ˜Œ ll Ertugrul Words ðŸ˜Š ll,Ertugrul_Editzz5,allah
Â Allama Khadim Hussain Rizvi || Heart poetry || Saad Hussain Rizvi Status ||rizvi Poetry || #shorts,Rizvi Shorts,allama
Â Allama KHADIM HUSSAIN RIZVI poetry â¤ï¸ From Ahmad Editz ðŸ’”ðŸŒ¹,Ahmad Editz,allama
Â Islamic words likes karo please,Tauseef Ahmad official ðŸ‘ˆðŸ‘ˆ,islamic
Â Ground Reality vs The Believe â˜ï¸ðŸ—¡ï¸ðŸŒ | All Powers To ALLAH âœ¨ | #jihad #muslimarmy #muslimummah,Revolutionist Ibaad,allah
Â Dil main isq Muhammad nahi hai agar.khadim hussain rizvi status,JOURNEY OF ISLAMIC STATUS,muhammad
Â Munafaq ki pahchan | Allama Khadim Hussain Rizvi | Best clip | #tlpbspofficial,TLP BSP Official,allama
Â Khadim hussain rizvi poetry | Allama iqbal Urdu poetry | Islamic Quotes video | Iman Afroz,Iman Afroz,khadim
Â Allama Khadim Hussain Rizvi poetry status,Tamheed,allama
Â khadim hussain rizvi poetry | khadim hussain rizvi poetry status | urdu poetry islamic status | 2021,Nim wri8s,khadim
Â Ala Hazart Bareilly Ø±ØÙ…ØªÛ Ø§Ù„Ù„Û Ø¹Ù„ÛŒÛ Special | Khadim Hussain Rizvi Status | Tlp Status |#shorts,Abdul Rahman Attari,khadim
Â Farsi saban || Allama Khadim Hussain Rizvi || Shorts Status || #tlpbspofficial,TLP BSP Official,allama
Â Allama khadim Hussain Rizvi status about mother || TLP status #shorts,Islamic World,allama
Â ÙˆØ·Ù† Ù¾Ø±Ø³ØªÛŒ Dr Allama Iqbal | Allama Khadim Hussain Rizvi | Dr Israr Ahmed #shorts #khr #drisrarahmed,Muhammad Waqas,allama
Â Wo sue Lala zar Phirty hen || Allama Khadim Hussain Rizvi || Ala Hazrat ||,Syed Owais,allama
Â Allama Iqbal By Allama Khadim Hussain Rizvi | #Shorts #Status | #tlpbspofficial,TLP BSP Official,allama
Â Allama Khadim Hussain Rizvi | Ala Hazrat | status,Shan e Madina,allama
Â Allama khadim Hussain Rizvi poetry status,Tamheed,allama
Â Allama khadim Hussain Rizvi poetry #tamheed,Tamheed,allama
Â Teri Nigahe Naaz Se Dono Murad Pa Gai ...(iqbal Poetry ) By Allama Khadim Hussain Razvi Sahab Voice,Peerzada Syed Shoaib Ahmad Soharwardi,allama
Â Teri nigah se sino me dil kanpate theðŸ‘³ðŸ»â€â™€ï¸ðŸ’”ðŸ–ðŸ» || Hafiz Saad Hussain Rizvi || Allama Iqbal shaya,AadaM AnsaRi,allama
Â Allama iqbal poetry Zia Mohiuddin Salman edits,BARKAT AL KHAIR TOURISM,allama
Â Kalame e iqbal || Allama khadim hussain rizvi || Razwi Clicks ||,Naqshbandi Movement,allama
Â Faqat Nigah Se Hota Hai Faisla Dil Ka | Allama Iqbal | Bal-e-Jibril: 045 | Urdu Poetry Status |,UNIQUE Salman Ali,allama
Â Allama Iqbal poetry _ Teri Nigah se seeno me dil kapte the _ best qalam e Iqbal all times,jubair khan,allama
Â 'Gaza's Newton' generates electricity for family tent | REUTERS,Reuters,gaza
Â Ye Duniya Chor Di Humne - Naat (Slowed and Reverb) | Mery Maula Teri Rehmat Se | Islamic Releases,Islamic Releases,islamic
Â Ertugrul Ghazi sad background music,E tv,ertugrul
Â Ertugrul Ghazi Sad Music #shorts #ertugrul,Crick Data,ertugrul
Â ertugrul ghazi sad tune ðŸ˜°//ertugrul ghazi status hindi//ertugrul ghazi status video,Sahil Youtuber,ertugrul
Â Solaiman my fav ðŸ¥º Solaiman angry mood #ertugrul #kurulusosman #mangol #shorts #ytshorts,Taimour Agarwall,ertugrul
Â Donâ€™t speak about Halime that wayðŸ˜¡ðŸ”¥ #ertugrul #gokce #goviral #shorts #drillisertugul,ðŸ¦‹GoncavidzðŸ¦‹,ertugrul
Â ertugrul bey attitude diolouge ðŸ˜š,ghazi editx_01âš”ï¸,ertugrul
Â Ertugrul fight scene | best hd clip | Jb creations #shorts,JAVED EDITZ,ertugrul
Â Ertugrul Gazi all heroes death from season 1-5 || Main bhi to Pukara Jaunga Full song ||,Dirilis Creation,ertugrul
Â Dirilis Ertugrul ghazi / Background sad Music,M S Creation,ertugrul
Â Mehmed the Conqueror | Edit | Rise of Empires: Ottoman,ZARAN.AEP.,empires
Â grand entry ðŸ”¥ peer Saqib Raza Mustfai #short,NIZAMI AGENCY â™»ï¸,saqib
Â Allama Asif Raza Alvi status | Syed Zain Jee #shorts #religion,Syed Zain Jee,allama
Â Pandit & Muslim love together videoðŸ’¯ #trending #shorts_ #viral_ #motivation #nohindumuslim.,Prem Kumar,muslim
Â Taleem ko bant kar ham ne gunah kiya!#Education #Taleem #shorts | Wali Rahmani,Wali Rahmani,wali
Â Dil tou hai dil ka kya Gustakh hai ye â¤Ertugrul halime love status â¤Erhal short love status â¤,Jam Multi Store,ertugrul
Â Tere Dar Pe Sar Ko Jhuka Liya!!â£ï¸ Allah Humma Salle Alaa Muhammadin va Aalaa!! Urdu Naat Sharif...,ðŸ¦‹MeaowsticsxðŸ¦‹,allah
Â American Singer Recites Quran - Emotional #shorts,FTD Speaks,quran
Â Surah Al Qamar | jennifer grout quran recitation with bilal zukan 2.0 in bosnia islamic center,Bilal Zukan 2.0,quran
Â Quran #ytshorts #qurantranslation #trending #whtsappstatus #islamic #quranvideo #its kingmakers,Its Kingmakers,quran
Â 1450 Saal Purana Ghr Jahan Nabiï·º Yahi Aaram Farmaya Tha ~ ðŸ’™ | #trending #islam #viral,Kamjor ummat,islam
Â Mufti Salman Azhari bayan statusâ¤ #shortbayan #islam #bayan #baghdad #halakukhan #jamat,Islamic short bayan,mufti
Â à¤¯à¥‡ à¤•à¥ˆà¤¸à¥€ à¤‰à¤®à¥à¤° à¤®à¥‡à¤‚ à¤†à¤•à¤° à¤®à¤¿à¤²à¥€ à¤¹à¥‹ à¤¤à¥à¤® ðŸ¥ºðŸ’” | Gulzaar Sahab Shayari | nikhil dahayat #zindgigulzarhai,THE ALPHA SQUAD,sahab
Â khabib and islam makhachev #shorts,Rang Up,islam
Â Bal-e-Jibril: 176 | The Falcon | Shaheen | Allama Iqbal | Iqbaliyat | AadhiBaat,AadhiBaat,allama
Â sajah na de | waseem barelvi status | shayri | whatsApp status | waseem barelvi mushayra | ehle_aadi,ehle_aadi,barelvi
Â Jaun eliya poetry | best poetry by jaun sahab # shorts #jaunelia #viral #poetry,Gam-e-Mohabbat,sahab
Â [Maulana Mehmood Madni] {Mufti Salman Azhari} â¤ï¸ #deoband #aalahazrat #uvaisqarni #islmaicvidoes,Uvais Qarni,mufti
Â Zafar Supari Handshake ðŸ¤ with Peer Muhammad Ajmal Raza Qadri #viral #shorts,MB Shorts,muhammad
Â 08 February 2024 | Pakistan Election 2024 | Mufti Hassan Raza Naqshbandi #shorts #youtubeshorts,Mufti Hassan Raza Naqshbandi Official,mufti
"Â Allah-o-Akbar ,dua karein",Shagufta Chaudhary Zubair,allah
Â Your beauty never Afraid â˜ªï¸ðŸ¤âœï¸ #shorts #islam #christian Subscribe,Important Games BetaðŸ‘‘ðŸ˜Ž,islam
Â Adarsh Bank Ghotala Morcha' Imtiaz Jaleel Sahab - Aurangabad - AIMIM #imtiazjaleel #aurangabad,Musa Chaush,sahab
Â Bilal tujhpar nisar jauâ¤â¤Mashallah||#islamic #shorts,Islamic life,islamic
Â Mufti salman azhari| à¤®à¥à¥žà¥à¤¤à¥€ à¤¸à¤²à¤®à¤¾à¤¨ à¤…à¥›à¤¹à¤°à¥€ à¤¸à¥‡ à¤ªà¤¹à¤²à¥‡ à¤°à¤¾à¤¹à¤¤ à¤‡à¤‚à¤¦à¥Œà¤°à¥€ à¤¨à¥‡ à¤¬à¥‹à¤²à¤¾ à¤¸à¤°à¤¦à¤¾à¤° à¤œà¥€! #muftisalmanazhari,Trending Video,mufti
Â Khabibâ˜ðŸ» #khabibnurmagomedov #khabib #conormcgregor #islam #muslim #mma #ufc #boxing #poirer #islam,THE ISLAM,islam
Â Allah ka Insaaf #Akbaruddin #Owaisi #speech #short,Abushad_aimim,allah
Â Dr allama Iqbal letter to his sonðŸ¥€Dr Allama Muhammad Iqbal poetryâ¤ï¸Islamic WhatsApp statusðŸ•‹Quotes,A-Bee Writes,allama
"Â Chalne Me Mushkil Mufti Salman Azhari Ko, Gulbarga Walo Ne Diya Paigham, Huqqa Parlours Ban Hogaye",Real Miya Bhai,mufti
Â Dil tou hai dil ka kya Gustakh hai ye â¤Ertugrul halime love status â¤Erhal short love status â¤,Jam Multi Store,ertugrul
"Â ðŸ¥ºMufti Salman Azhari Sahab Ko DY SP Office Laya Gaya,Hazrat Ko Dekh Kar Lag Raha H Tabiyat Aleel H",MOHSIN KADRI,sahab
Â The UnXplained: The Black Stone of Mecca is the MOST SACRED in the World (Season 5),HISTORY,mecca
"Â Mufti Salman Azhari Ko Bandi Banaya Gaya Ajmer Dargah Ke Khadimo Ka Bayan, Syed Sarwar Chishti",Real Miya Bhai,mufti
Â La Ilaha Illa Allah: Islamic Meditation for the Soul,Fadael,allah
Â Three Divorce in One Sitting | Dr. Mufti Abdur-Rahman ibn Yusuf Mangera,ZamZamAcademy,mufti
Â Be Modest and Strong / Dr. Haifaa Younis/ #islamicvideoshort#muslimah#islam,SISTERS,islam
Â Muslim Triple Talaq || Asaduddin Owaisi Proper short speech ðŸ‘,All Indian AIMIM,muslim
Â Origin of Instant Triple Talaq [Divorce in Islam] | Javed Ahmad Ghamidi,Al Mawrid Hind,islam
Â Triple Divorce And Halala | What Law Says ? - By Syed Wasiq Ali Adv HC,Syed Wasiq Ali Adv,law
Â Second Marriage Law in Pakistan | Punishments and case process | Ø¯ÙˆØ³Ø±ÛŒ Ø´Ø§Ø¯ÛŒ Ú©Û’ Ø®Ù„Ø§Ù Ù‚Ø§Ù†ÙˆÙ†ÛŒ Ú©Ø§Ø±ÙˆØ§Ø¦ÛŒ,Legal Opinion Law Chambers,law
Â Information About Khula (TALAQ) | Family law in pakistan,Advocate Tamanna Sharif,law
Â Everyday Life & Society in the Abbasid Caliphate,Al Muqaddimah,abbasid
Â Islam's 'Golden Age' - Rise of the Abbasids,Epic History TV,islam
"Â Harun al-Rashid, The Golden Prime | 766CE â€“ 809CE | Abbasid Caliphate #03",Al Muqaddimah,abbasid
Â Tayyeb Erdogan Talks About Sultan Abdul Hamid,MUHAMMAD MOOSA DEEN VIDEOS,erdogan
Â Sultan Abdulhamid original video | ottoman empire last king | Aashiq e Rasool status |,aashiq e rasool,ottoman
Â Sultan Abdul Hamid x Osman Bey ðŸ”¥ðŸ¤šðŸ» | Whtsapp Status | Ottoman Empire Status | Zehri Writes Status,Zehri Writes,ottoman
Â SULTAN Recep Tayyip Erdogan tribute,America First Productions,erdogan
Â Saad Rizvi Ke Paas Mehngi Gari Aur Paisa Kaha Se Aaya ? | Mufti Tariq Masood | Tehreek Labbaik Pak,Mufti Tariq Masood Special,mufti
Â Election 2024 | Saad Rizvi Ki Jeet | TLP | Mufti Hanif Qureshi,Mufti Hanif Qureshi,mufti
Â à¤•à¥Œà¤¨ à¤¹à¥ˆ à¤…à¤¸à¤¦à¥à¤¦à¥à¤¦à¥€à¤¨ à¤“à¤µà¥ˆà¤¸à¥€ ? Mufti Ashraf Jilani Azhari | Bhilwara | #muftisalmanazhari,Mufti Ashraf Jilani Azhari,mufti
Â Shaykh Abu Yusuf Baghdadi Ne Mufti Salman Azhari Ko Khilafat O Ijazat Se Nawaza (Baghdad Special ðŸ˜),Sag E Salman E Millat,mufti
Â Hamas claims to hold between '200 and 250' people hostage in Gaza,Manila Bulletin Online,hamas
Â koi had hai unke urooj ki | Bala ghul ula aby kamaly hi | Ali Zafar lyrical #islam #trending,Islam's World,islam
Â LOWKEY - Palestine Will Never Die (OFFICIAL MUSIC VIDEO),Double Down News,palestine
Â Shab e Meraj Specail Status | Allama Saad Hussain Rizvi | Ameen Saifi Rizvi,Ameen Asim,allama
Â Interview Mufti Salman Azhari | Latest Interview Salman Azhari | Mufti Salman Interview,Afzal Vlog Wale,mufti
Â Dirilis Ertugrul ghazi / Background sad Music,M S Creation,ertugrul
Â Mufti Salman Azhari Ko Riha Kro | Bhilwara Protest | Mufti Ashraf Jilani Azhari,Mufti Ashraf Jilani Azhari,mufti
Â Bilkul Shanti k sat protest kia ja rha hai ðŸ˜±mufti Salman azhari ki riha karro letast news bilwara,adnaninamdarofficial,mufti
Â à¤œà¤®à¤¾à¤¨à¤¤ à¤®à¤¿à¤² à¤šà¥à¤•à¥€ à¤¹à¥ˆ à¤®à¤¾à¤¶à¤¾ à¤…à¤²à¥à¤²à¤¾à¤¹ | à¤•à¥‹à¤°à¥à¤Ÿ à¤¨à¥‡ à¤¦à¤¿à¤¯à¤¾ à¤¸à¤¾à¤¥ | à¤…à¤¬ à¤†à¤—à¥‡ à¤•à¤¿à¤¯à¤¾ à¤¹à¥‹à¤—à¤¾ | Mufti Salman Azhari,Raza Teacher,mufti
Â AIMIM MP Syed Imtiaz Jaleel very Powerfull speech In Parliament | mufti Salman Azhari 7February 2024,Alhind islamic tube,mufti
Â à¤¶à¥‡à¤° à¤¬à¤¾à¤¹à¤° à¤† à¤—à¤¯à¤¾ à¤¹à¥ˆ ll Sher Bahar Agya He ll Release Juna Ghar Jail Mufti Salman Azhari ðŸ¥°,Jannat Tak,mufti
"Â Mufti Salman Azhari à¤•à¥‡ à¤¸à¤®à¤°à¥à¤¥à¤¨ à¤®à¥‡à¤‚ à¤‰à¤®à¤¡à¤¼à¥€ à¤²à¤¾à¤–à¥‹à¤‚ à¤•à¥€ à¤à¥€à¤¡à¤¼, à¤¦à¥‡à¤–à¤¿à¤ à¤¶à¤¹à¤° à¤•à¥‡ Qazi à¤¨à¥‡ à¤•à¥à¤¯à¤¾ à¤•à¤¹à¤¾ | Bhilwara |",Hindustani Media,mufti
"Â Mufti Sahab Ko Milgayi Bail, Suresh Chavhanke Ko Aaya Ghussa Banaya Salman Azhari Ke Upar Naya Video",Real Miya Bhai,mufti
Â Nojawan Sahabi ki Mawt ka Iman afroz Waqia. Shaykh Mohammad Saqib Iqbal hh,Shaykh Saqib Iqbal - Fan Page,iman
Â 5 Budget Tips for the Mindful Muslimah #islam #muslimah,The Mizaan,islam
Â listen to what she said to her #islamic motivation #islamic,Bushirah Bint Abbas,islamic
Â I pray you are all able to experience this one day InshAllah â¤ï¸ #umrah #umrah2023 #masjidalharam,Maryam Amaria,umrah
Â #shorts || Khadim hussain rizvi status || TLP whatsapp status #Rizvi #TLP #statusðŸ”¥ðŸ”¥ðŸ”¥295C Red ZoneðŸ”¥ðŸ”¥ðŸ”¥,Khatme Nabuwat Media,khadim
Â Namoos e Risalat Or Khatm e Nabuwat | Allama Khadim Hussain Rizvi #shorts #tlpstatus,RAHESHOQ,allama
Â Hum Khatam e Nabuwwat ki Tehreek Chalain gy | Mukammal Kalam | Allama KhadimHussain Rizvi,Molana Owais Azhar Qadri,allama
Â Shuru Ho Gaya Ehtjaj Mufti Salman Azhari Ko Riha Karo à¤¶à¥à¤°à¥‚ à¤¹à¥‹ à¤—à¤¯à¤¾ à¤à¤¹à¤¤à¤œà¤¾à¤œ à¤¸à¤²à¤®à¤¾à¤¨ à¤…à¤œà¤¹à¤°à¥€ à¤•à¥‹ à¤°à¤¿à¤¹à¤¾ à¤•à¤°à¥‹,Molana Dilshad Noori,mufti
Â Zaroori Aor Ahem Paigam | Mufti Sufi Kaleem Hanfi Razvi Sahab Qibla,Al-Azhari Network,mufti
Â India Se Talluq Rakhne Wale Mufti Salman Azhari Kon Hain? | Exclusive Podcast | Mufti Salman Azhari,Islamic Digital Studio,mufti
"Â Mufti Salman Azhari Arrested LIVE: à¤®à¥Œà¤²à¤¾à¤¨à¤¾ à¤®à¥à¤«à¥à¤¤à¥€ à¤¸à¤²à¤®à¤¾à¤¨ à¤…à¤œà¤¹à¤°à¥€ à¤•à¥€ à¤—à¤¿à¤°à¤«à¥à¤¤à¤¾à¤°à¥€, à¤¸à¤¡à¤¼à¤•à¥‹à¤‚ à¤ªà¤° à¤œà¤¨à¤¸à¥ˆà¤²à¤¾à¤¬",IndiaTV,mufti
Â Atif Aslam - Assubhu Bada || New Naat || Allah Hu Allah - Ai Version - Without Music - Lyrical Naat,Atif Aslam Naat,allah
Â Allama Khadim Hussain Rizvi Per Zulm || Karachi press_conference.,Real Hussaini,allama
Â Muslim Cleric Mufti Salman Azhari Brought to Junagarh in Hate Speech Case : Gujarat ATS Takes Action,NEWS9 Live,muslim
Â Maulana Mufti Salman Azhari Arrested for â€˜Hate Speechâ€™ | Protest Outside Police Station,MIRROR NOW,mufti
"Â Accused of delivering hate speech, Islamic preacher Mufti Salman brought to Ahmedabad ATS office",ANI News,islamic
"Â Who Is Maulana Mufti Salman Azhari, Muslim Cleric Arrested Over Hate Speech",NDTV,mufti
Â à¤à¤• à¤µà¤•à¤¼à¥à¤¤ à¤†à¤à¤—à¤¾ mufti salman azhari #shorts,Mohammad Imran Qadri,mufti
Â 5/2/24 Alhamdulillah Hazrat bilkul safe hai Allah Tala Apne Habib Ke Sadqe Hazrat Ki Hifazat Farmaye,Rahmat- E- Do- Alam,allah
Â Allah Hamare Mufti Sahab Ko Apne Habib ï·º ke sadke Tufail Rihai aur Unki Hifazat Farmaye,Rahmat- E- Do- Alam,allah
Â Islamic Preacher Mufti Salman Azhari Arrested in Mumbai | Explained | UPSC | Priya Kumari,Let's Crack UPSC CSE,islamic
Â Mufti Salman Azhari Ki Giraftari Par Mufti Ashraf Jilani Azhari Ka Bayan | Bolne Wale Kahan Hain ?,Mufti Ashraf Jilani Azhari,mufti
Â Bargaah Hazrate Maula Ali Shere Khuda Raziallahu Ta'ala Anhu | Najaf Ashraf Iraq |,Mufti Ashraf Jilani Azhari,iraq
Â Mufti Salman Azhari Arrest LIVE Update : à¤ªà¥à¤²à¤¿à¤¸ à¤•à¥€ à¤•à¤¸à¥à¤Ÿà¤¡à¥€ à¤®à¥‡à¤‚ à¤®à¥à¤«à¥à¤¤à¥€ à¤…à¤œà¤¹à¤°à¥€ à¤¨à¥‡ à¤‰à¤—à¤²à¥‡ à¤¦à¤¿à¤ à¤¬à¤¡à¤¼à¥‡ à¤°à¤¾à¤œ!,Zee News,mufti
Â Hum Khatam e Nabuwwat ki Tehreek Chalain gy | Mukammal Kalam | Allama KhadimHussain Rizvi,Molana Owais Azhar Qadri,allama
Â New Update // Mufti salman azhari @MAHassaniNetwork,M A Hassani Network,mufti
"Â Mufti Salman Azhari à¤•à¥€ à¤—à¤¿à¤°à¤«à¥à¤¤à¤¾à¤°à¥€ à¤ªà¤° ,à¤¯à¥‡ à¤•à¥à¤¯à¤¾ à¤¬à¥‹à¤² à¤—à¤ Waris Pathan | Junagadh hate Speech |",Rajasthan Patrika,mufti
Â Azan by Allama Khadim Hussain Rizvi | Labaik Ya Rasool Allah,Naiki ki Dawat,allama
Â qamar gani usmani| ki lalkar| gustakhu ke khilaf nikle maidan me|tehreek farogh e islam|#shorts,MVK Paigaam,islam
"Â Maulana Mufti Salman Azhari: à¤—à¤¿à¤°à¤«à¥à¤¤ à¤®à¥‡à¤‚ 'à¤à¥œà¤•à¤¾à¤Š' à¤®à¥Œà¤²à¤¾à¤¨à¤¾, à¤¸à¤®à¤°à¥à¤¥à¤•à¥‹à¤‚ à¤¨à¥‡ à¤•à¤¿à¤¯à¤¾ à¤¹à¤‚à¤—à¤¾à¤®à¤¾, à¤œà¤¾à¤¨à¤¿à¤ à¤•à¥à¤¯à¤¾ à¤¹à¥ˆ à¤®à¤¾à¤®à¤²à¤¾",ABP NEWS,mufti
Â Maulana Mufti Salman Azhari: à¤®à¥à¤«à¥à¤¤à¥€ à¤¸à¤²à¤®à¤¾à¤¨ à¤…à¤œà¤¹à¤°à¥€ à¤—à¤¿à¤°à¤«à¥à¤¤à¤¾à¤° à¥¤ Salman Azhari Arrested | Amar Ujala,Amar Ujala,mufti
Â Dharna Pardhashan karne pahuche Aulad E Usman e Ghani Maulana Qamar Ghani Usmani Sahab,Huzur Tajushsharia Network,sahab
Â Muhafize Namuse Risalat | Allama qamar Ghani usmani ki larkar Labaik ya rasool allah,TLP News okara,allama
"Â HAZRAT PEER QAMAR GHANI USMANI SAHAB BAYAN AFTER ISTEQBAAL IN WADALA,MUMBAI ON 26/11/2021",Tahreek Farogh e Islam,sahab
Â Maulana Qamar Ghani Usmani || Hazrat Mufti e Azam Dr.Mufti Mukarram Ahmed Sahab || Masjid Fatehpuri,Dr. Mufti Mukarram Ahmed,mufti
Â Justice For Maulana Qamar Gani Usmani | à¤•à¥‹ à¤ªà¥à¤²à¤¿à¤¸ à¤¨à¥‡ à¤•à¥à¤¯à¥‹à¤‚ à¤•à¤¿à¤¯à¤¾ à¤—à¤¿à¤°à¤«à¥à¤¤à¤¾à¤° | Mufti Ashraf Jilani Azhari,Mufti Ashraf Jilani Azhari,mufti
Â Delhi Police ko maangni hogi maafi Ulama e Ikram se - Qamar Ghani Usmani,Tahreek Farogh e Islam,ulama
Â aj mouka hay |Ø¢Ø¬ Ù…ÙˆÙ‚Ø¹ ÛÛ’ Ù‚ÛŒØ§Ù…Øª Ù…ÛŒÚº Ø±ÙˆÙ†Û’ Ú©Ø§ ÙØ§Ø¦Ø¯Û Ù†ÛÛŒÚº about allama razvi @BilalEditingIdeas,Bilal Editing ideas,allama
Â Mufti Salman Azhari à¤•à¥‹ à¤ªà¥‚à¤›à¤¤à¤¾à¤› à¤•à¥‡ à¤²à¤¿à¤ à¤¥à¤¾à¤¨à¥‡ à¤²à¤¾à¤¤à¥‡ à¤¹à¥€ à¤‰à¤®à¤¡à¤¼ à¤ªà¤¡à¤¼à¤¾ à¤¹à¤œà¤¾à¤°à¥‹à¤‚ à¤¸à¤®à¤°à¥à¤¥à¤•à¥‹à¤‚ à¤•à¤¾ à¤¹à¥à¤œà¥‚à¤®,ABP NEWS,mufti
Â Mufti Salman Azhari Ki Giraftari Par Mufti Ashraf Jilani Azhari Ka Bayan,Mufti Ashraf Jilani Azhari,mufti
Â Mufti Salman Azhari à¤¸à¤¾à¤¹à¤¬ à¤•à¥‹ à¤²à¥‡à¤•à¤° à¤‰à¤¨à¤•à¥‡ à¤µà¤•à¥€à¤² à¤µà¤¹à¥€à¤¦ à¤¶à¥‡à¤– à¤¨à¥‡ à¤¸à¥à¤¨à¤¾à¤ˆ à¤ªà¥‚à¤°à¥€ à¤˜à¤Ÿà¤¨à¤¾ à¤•à¥€ à¤†à¤ªà¤¬à¥€à¤¤à¥€,Shafeen Golandaz,mufti
Â Mufti Salman Azhari Sahab. #salmanazharibayan in police station #like #live #salmanrazaoffficial,Raza brother's,mufti
Â Mufti Salman Azhari Case Ghatkopar police Station par Musalmano ka protest|Azhari ko release Karo|,Fidai Channel,mufti
Â #salmanazharibayan #muftisalman #live #news #urdu#salman #salmanrazaoffficial #moftisalman #religion,Khabar Alli Bhai,religion
Â ðŸ”´ Live Bayan | Mufti Salman Azhari Sahab Qibla | Allah Hifazat Farmaye Hazrat ki ðŸ¤²ðŸ»ðŸ¤²ðŸ» #viral #2024,Faizane Alahazrat Network,mufti
Â Mufti Salman Azhari à¤•à¥‡ à¤šà¤¾à¤¹à¤¨à¥‡ à¤µà¤¾à¤²à¥‹ à¤ªà¤° à¤˜à¤¾à¤Ÿà¤•à¥‹à¤ªà¤° à¤ªà¥à¤²à¤¿à¤¸ à¤¨à¥‡ à¤•à¤¿à¤¯à¤¾ à¤²à¤¾à¤ à¥€ à¤šà¤¾à¤°à¥à¤œ. | MUMBAI TV |,MUMBAI TV,mufti
Â Mufti Salman Azhari à¤•à¥‡ à¤µà¤•à¥€à¤² Vahid Shaikh à¤¨à¥‡ à¤•à¥à¤¯à¤¾ à¤•à¤¹à¤¾?. | MUMBAI TV |,MUMBAI TV,mufti
Â Mufti Salman Azhari Exclusive At Ghatkopar Police Station. | MUMBAI TV |,MUMBAI TV,mufti
Â Mufti Salman Azhari Sahab has been detained by Gujrat ATS and Mumbai ATS for false allegations,Rahmat- E- Do- Alam,mufti
Â Mumbai: Maulana Mufti Salman Azhari Latest News Today,Metro City Samachar,mufti
Â Live police station se Mufti Salman Azhari Sahab Qibla Allah Hazrat Ki Hifazat Farmaye Ameen,Rahmat- E- Do- Alam,mufti
Â à¤®à¥à¤«à¥à¤¤à¥€ à¤¸à¤²à¤®à¤¾à¤¨ à¤…à¤œà¤¹à¤°à¥€ à¤—à¤¿à¤°à¤«à¥à¤¤à¤¾à¤° à¤µà¤œà¤¹ à¤¹à¥ˆà¤°à¤¾à¤¨ à¤•à¤°à¤¨à¥‡ à¤µà¤¾à¤²à¥€?| Mufti Salman Azhari| Millat Times,Millat Times,mufti
Â Election motivational speech | Ú©Ø§Ø±Ú©Ù†Ø§Ù† Ú©Û’ Ù„Ø¦Û’ Ù¾ÛŒØºØ§Ù… about khadim hussain razvi @BilalEditingIdeas,Bilal Editing ideas,khadim
Â Shab e Meraj Specail Status | Allama Saad Hussain Rizvi | Ameen Saifi Rizvi,Ameen Asim,allama
Â Shab E Meraj ka Waqiya ðŸ’ž | Allama Khadim Hussain Rizvi | WhatsApp Status | Nawaz writes #shorts,Nawaz Writes,allama
Â Munkireen E Meraj Un Nabi ï·º Ko Jawab! | Allama Hafiz Saad Hussain Rizvi #status #saadhussainrizvi,Muhammad Ali Lakyari,allama
Â Allama Saad Hussain RizviðŸ”¥|Political_Reels #whatsappstatus #attitudestatus,Political_Reels,allama
Â Allama Khadim Hussain Rizvi Poetry\Shayari |Whatsapp status|| Ameer Ul Mujahideen #khr #shorts,Reawakening of Muslims,allama
Â Allama Khadim Hussain Rizvi Status | Meraj Un Nabi ï·º | Shab e Meraj Special | Tlp Status |#shorts,Abdul Rahman Attari,allama
Â Allama Saad Hussain Rizvi Wedding Video Status || Saad Rizvi Nikah,Muhammad Zain Hashmani,allama
Â Meraj ka bakya |#Allama saad Hussain rizvi|#Aaodeenkitarf|#aaodeinkitarf|#shorts,Aao deen ki tarf,allama
Â Ham Sabse Kuch Baad me Hai || allama saad hussain rizvi || #whatsappstatus #islamicstatus #shorts,Islamic An Nur786,allama
Â Hafiz Anas Hussain Rizvi Allama Khadim Hussain Rizvi,Mohsin Raza,allama
Â Mufti Taqi Usmani sahab Qatar visit l mufti Taqi Usmani lâ£ï¸#Ø§ØªØØ§Ø¯_Ø§Ù„Ø¹Ø§Ù„Ù…ÛŒ_Ù„Ø¹Ù„Ù…Ø§Ø¡_Ø§Ù„Ù…Ø³Ù„Ù…ÛŒÙ†#Ø§Ø³ØªØ§Ø¯Ù…ØØªØ±Ù…,Shaikh Ul Islam OfficialðŸ’«,mufti
Â Sanu ghayal Karke FIR Khabar na LaiyaðŸ˜Status ðŸ’”Baba Jaanâ™¥ï¸Allama Khadim Hussain Rizvi,ð‘¹ð’Šð’›ð’—ð’Š ð’…ð’†ð’˜ð’‚ð’ð’‚,allama
Â Tere Ishq Nachaya Kar Thaiya Thaiya - (Sufi Kalam by Baba Bulleh Shah R.A),Deliberate Originators,sufi
Â 5th Urs_e_Azhari Bareilly Shareef |Akhtar Raza Khan|Tajushshariya | #islamic,Azam Khan,islamic
Â Huzoor Tajushshariya Muhammad Akhtar Raza Khan Qadri Rahmatullahi Talaalayhi Ki Namaaz E Janaza,Juloos E NabiØµÙ„Ù‰ Ø§Ù„Ù„Ù‡ Ø¹Ù„ÙŠÙ‡ ÙˆØ³Ù„Ù…Wo Milaad Committee,muhammad
Â Sanu Ghayal Karke Khabar Na Layi Aa sufi medley Whatsapp Status,Neemo TV,sufi
Â Sanu ghayal Karke FIR khabar Na liya ~ Allama Hafiz Khadim Hussain Rizvi ~ Status,ð‘¹ð’Šð’›ð’—ð’Š ð’…ð’†ð’˜ð’‚ð’ð’‚,allama
Â Allama Khadim Husanin Rizvi..Peer Syed Tauqeer Ul Hasnain SHAH.. #tlpstatus,Peer Syed Tauqeer Ul Hasnian Shah,allama
Â Allama kahdim Hussain rizvi| New wattsap status,Mk Rizvi media,allama
Â Ø¢Ø®Ø±ÛŒ Ø¢Ø±Ø²Ùˆ | ALLAMA KHADIM HOSSEN,Qari Yasin shazli 20m,allama
Â Ben Shapiro talks about Israel vs Hamas and why he would never support Biden over Trump,OxfordUnion,hamas
Â Akbaruddin Owaisi Sahab Great Speech #akbaruddinowaisi #subcribe @mohdahmedaimim5253 #sharevideo,Mohd Ahmed AIMIM,sahab
Â Hazoorï·º nay khud talwar | ØØ¶ÙˆØ±ï·º Ù†Û’ Ø®ÙˆØ¯ ØªÙ„ÙˆØ§Ø± Ø§Ù¹Ú¾Ø§Ø¦ÛŒ byan allama khadim razvi @bilaleditingideas,Bilal Editing ideas,allama
Â Molana khadim Husain rizvi.,TLP Pakistan,khadim
"Â à¤®à¥‹à¤²à¤¾à¤¨à¤¾ à¤‰à¤®à¥ˆà¤° à¤‡à¤²à¥à¤¯à¤¾à¤¸à¥€ à¤ªà¤° à¤²à¤—à¤¾ à¤«à¤¤à¤µà¤¾ || mufti salman azhari | maulana umair Ahmad ilyasi, par fatwa",Shakir Raza Official,mufti
Â Mesa PGP in Startup Leadership,Watched at 9:45â€¯PM,leadership
Â Allama khadim Hussain Rizvi sahab ki Hazrat Allama Shaikh Saqib Iqbal shami se aakhiri baten,Quran for muslims,allama
Â Dil Main ishqe Mohammad nahin hai agar Kalma sunane sunane se kya fayda Allama Khadim Hussain Rizvi,á´Šá´€ÊŸá´€ÊŸ á´‡ Ê€Éªá´¢á´ Éª,allama
Â Dil me ishke Mohammad Nahi hai agar kalma sunne sunane se Kiya fayda|| allama khadim Hussain rizvi||,Rizvi Baba ji ke Indian fan,allama
Â Sheikh Nazim al-Haqqani ar-Rabbani QS - old Sufi Zikr video from 1990's,Love Meditation Naqshbandi,sheikh
Â Sheikh Nazim Illahi,ridhaus,sheikh
Â Mawlana Shaykh Nazim ra Allah Allah Allah,Naqshbandi Zikr Bradford,allah
"Â Nakshibendi Sufi Naat - ""Allah Hoo""",szozer,sufi
Â Dhikr / Zikr of Allah by Mawlana Sheikh Nazim Adil Al-Haqqani in USA,The PROPHETâ€™s Lovers,allah
Â Shaykh Syed Nazim al Haqqani Naqshbandi | Awliya Allah |,khadim e Ahle Bait,allah
"Â 'There is nothing left in Gaza anymore, carpet bombing everywhere', says Qatar PM at WEF",The Economic Times,gaza
Â Allama Khadim Hussain Rizvi Ki Namaz-e-Janaza,R.S. Islamic Channel,allama
Â Allama khadim hussain rizvi 2017 KHUTBA E ALA HAZRAT R A,Pakistan Ka Matlab Kya,allama
Â Khutba e Alaa Hazrat Imam Ahmad Raza Khan by Allama khadim Hussain Rizvi 2020,Syed Zada Official,allama
Â Ù…ÛŒÚº Ø§Ø³Ù„Ø§Ù… Ú©Ùˆ Ø³Ù¾ÙˆØ±Ù¹ Ú©Ø±ØªØ§ ÛÙˆÚº â™¥ï¸ | allama khadim hussain rizvi | #khadimhussainrizvi #rizvishorts,Usman rizvi official,allama
Â Allama Khadim Hussain Rizvi 2020 | Ziarat Se Tadfeen Tak K Manazir | Namaz e Janaza Minar e Pakistan,Allama Khadim Hussain Rizvi Official,allama
Â Allama Khadim Hussain Rizvi Ka Janaza #tlp,Islamic Tehreek Media . 50kViews . 10hours,allama
Â Allama Khadim Hussain Rizvi ki Namaz-e-janaza ki tayyarian Jari,Geo News,allama
Â Allama Khadim Hussain Rizvi | Drone View of Namaz e Janaza | 21 Nov 2020 at Minar e Pakistan,Allama Khadim Hussain Rizvi Official,allama
Â allama khadim hussain rizvi | janaza video | tlp status,Lectures Of Islam,allama
Â Allama Khadim Hussain Rizvi Biography | Life History | Life Story | Profile,Islamic Golden Age,allama
Â Hazrat Sheikh Syed Abdul Aziz Al Khateeb Al Baghdadi Al Hassani | Bayan | Chehlum of Khadim Hussain,Islamic Golden Age,sheikh
Â Sheikh Abdul Aziz Al Khatib Alhasani in Allama Khadim Hussain Rizvi Mazar || Ø´ÛØ²Ø§Ø¯Û ØºÙˆØ« Ù¾Ø§Ú© Ú©ÛŒ Ø¢Ù…Ø¯,Rizvi Media,sheikh
Â Allama Khadim Hussain Rizvi Ahle Shaam ApKe Hath Par Bait Karta Hai || Shehzada e Ghous e Azam Bayan,Allama Khadim Hussain Rizvi Official,allama
Â Aulad e Ghous E Azam Hazrat Syed Abdul Aziz Al Khatib Speech At Khadim Hussain Rizvi Chehalum,UBAID HAFEEZ NAQSHBANDI,khadim
Â Hamara Imam kaun hai Imam Ahmad Raza Tajushariya ya khadim Hussain Rizvi,RNA CHANNEL,khadim
Â imam ahmed raza khan barelvi | Aala Hazrat | khadim hussain rizvi bayan |khadim hussain rizvi latest,Nim wri8s,barelvi
Â Allama Khadim Hussain Rizvi | Ala Hazrat Imam Ahmad Raza Ko Hazoor ï·º Ki Ziyarat | Shan e Ala Hazrat,Rizvi Creation,allama
Â Allama Iqbal Poetry | Saqib Raza Mustafai | Emotional Bayan | whatsapp status |Saqib Mustafai Status,Nim wri8s,allama
Â 2 Lafzo Me Deen Ka Khulasa ! || WhatsApp Status || Raza SaQib Mustafai || Shining Kashmir Official,Shining kashmir Official,saqib
Â Difference Between Sunni and Salafi #DrMuhammadSalah #islamqa #fatwa #HUDATV,Huda TV,sunni
"Â Bareilvi, Deobandi or Ahle Hadith? #qna #ankhan #shorts",AN Khan,hadith
Â Gathering and Dhikr in Damascus with Shaykh Ahmad al-Habbal al-Rifai & Shaykh Nazim Haqqani,IslamicReminders ðŸ‡µðŸ‡¸,damascus
Â Roza e Rasool ï·º Par Hazrat Sheikh Syed Ahmed Kabir Rifai Hazri Ka Waqia Raza Saqib Mustafai,Mustafai Saqibi,sheikh
"Â ""OUR PROBLEM IS ABOUT TERRORIST ORGANIZATIONS"" PRESIDENT ERDOGAN SPEECH [ENG SUB]",TÃ¼rkiye with English Subtitles,erdogan
"Â The New English Edition Of Holy #Quran, Translation Kanzul Iman of #Aalahazrat Imam Ahmad Raza Khan",Kanzuliman Foundation,quran
Â Salar E Milat Sultan Salah Uddin Owaisi Very Rare Video old.,Gesu Baba,salah
Â Mai sultan salahuddin owaisi ka beta hoon Aimim President barrister Asaduddin owaisi sahab,ali sm ali,sahab
Â Palestine Zindabad | Asaduddin Owaisi | Hyderabad | India,Habeeb-E-Millat Political Research Centre,palestine
Â Asaduddin Owaisi Sahab Whatsapp Status ðŸ”¥,Status Craft Guru,sahab
Â Many Turks believe Erdogan will bring new Ottoman Empire | DW English,DW News,erdogan
Â ERDOGAN SPEECH TO ISLAMIC WORLD FOR PEACE - [MUSLIM VIDEOS],TÃ¼rkiye with English Subtitles,erdogan
Â WHY ISLAMIC WORLD NEEDS TURKEY & WHO IS ERDOGAN [ENG SUB],TÃ¼rkiye with English Subtitles,islamic
Â Turkish President Erdogan Best Speech (English Subtitles),Political Speech,erdogan
Â Bal-e-Jibril: 151 | Javed ke Naam | Dayar e Ishq Mein | Allama Iqbal | Iqbaliyat | AadhiBaat,AadhiBaat,allama
Â Allama iqbal poetry Zia Mohiuddin Salman edits,BARKAT AL KHAIR TOURISM,allama
Â Dyar-e-Ishq mein apna maqam paida kar by Sir Muhammad Iqbal,Science & Muslims,muhammad
Â Bal-e-Jibril: 176 | The Falcon | Shaheen | Allama Iqbal | Iqbaliyat | AadhiBaat,AadhiBaat,allama
Â Boy Died in Maldives Because President Refused Indian Help | à¤à¤¾à¤°à¤¤ à¤•à¥‡ à¤µà¤¿à¤°à¥‹à¤§ à¤®à¥‡à¤‚ à¤…à¤‚à¤§à¥‡ à¤¹à¥à¤ à¤®à¥à¤‡à¤œà¥à¤œà¥‚,World Affairs by Unacademy,maldives
Â Russia is now Europe's Largest Economy says Putin | China India & Russia will dominate World Economy,World Affairs by Unacademy,russia
Â Why RUSSIA is Prisoner of Geography? Geopolitical Chess-Board by Sudarshan Gurjar | #Ep1,World Affairs by Unacademy,russia
Â Ram Mandir Will Give India's Economy a Boost - SBI Research | More Visitors than Vatican and Mecca,World Affairs by Unacademy,mecca
Â Dr. Zakir Owned the Christian Lady | Funny End #DrZakirNaik #Jesus #Christianity #God #Islam #Shorts,BelievingBeings,god
Â Reason Why Khabib Never Lost Any Match | Khabib #edit #viral #trending #shortsfeed #islam #khabib,HASSANSTICS<3,islam
Â Khabib Puts A Young Muslim Boy On The Spot #shorts #khabib #islamicvideo #islam,Viral Edits,muslim
"Â ""My mother named me Haider"" ðŸ¦ || Imam Ali Ø¹ || Edit #islamic #muslim #shorts",ZARAN.AEP.,islamic
Â Hindu To Islam: Revert Story Of Indian Women,The Quran Motivation,islam
Â Pakistani PM Imran Khan hails Turkeyâ€™s President Erdogan,TRT World,erdogan
Â Erdogan's election victory celebrated around the world,TRT World,erdogan
Â Turkish President Erdogan says â€˜Islamic worldâ€™ is watching Turkeyâ€™s upcoming elections,Middle East Eye,erdogan
Â President Erdogan recites Quran at reopening of Hagia Sophia as mosque,TRT World,erdogan
Â Hijab Girls reaction #muslimah #abaya #trending #youtubeshorts #freepalestine #viral,Rehan Malik,hijab
Â Ottoman Punishment for Smoking,The Ottoman World,ottoman
Â |When BidenðŸ¤¡and Putinâ€™sðŸ«¡ soldiers d!ed|#geography#countries#usa#russia#onlyeducation#fyp,DazZleHistory,russia
Â Thousands of Egyptian fans of the Al-Ahly Football in Cairo chant for Palestine.,BreakThrough News,cairo
Â How Balbir Singh became Mohammed Amir! #islam #muslim #india,Hope.Islamic,islam
"Â Turkish President Erdogan Paranoid Over Water? Refuses Glass From Bodyguard, Takes It From Son",Mojo Story,erdogan
Â Shorts | Erdogan Gives Money To Supporters After Voting | turkey President Election Updates,CNN-News18,erdogan
Â Mughal Emperor Aurangzeb | Sultan Aurangzeb Alamgir | One Chance (Slow and Reverb),Umair Bey,mughal
Â Constantinople | Rise of Empires : Ottoman || Edit || Mehmed II #ottoman,Mahar Py,empires
Â Erdogan sings after claiming election victory | AJ #shorts,Al Jazeera English,erdogan
Â Thousands wait for Erdoganâ€™s victory speech in Ankara,TRT World,ankara
Â Putin made to wait by Turkish President Erdogan #Shorts,USA TODAY,erdogan
Â Voter surprised to notice Erdogan waiting behind him in line,TRT World,erdogan
Â Mehmed the conqueror edit ðŸ‡¹ðŸ‡· - #ottoman #edit #islamicgeneral #fatih #conqueror #warrior #history,MEHMED SAHIL,ottoman
Â President Erdogan unveils Istanbul's new airport,AFP News Agency,erdogan
Â Millions gather in Istanbul for anti-coup rally called by Erdogan,euronews,erdogan
Â Large crowd attends Erdogan campaign rally in Istanbul,AFP News Agency,erdogan
"Â â€˜Turkey is the winnerâ€™, says President Erdogan in victory speech | AJ #shorts",Al Jazeera English,turkey
Â Turkey elections: ErdoÄŸan sings to supporters as KÄ±lÄ±Ã§daroÄŸlu attacks 'smear campaign'â€“ video,Guardian News,turkey
Â SULTAN Recep Tayyip Erdogan tribute,America First Productions,erdogan
Â 5 steps to build trust in Allah ðŸ¤ #muslimah #islam,The Mizaan,allah
Â Show yourself some love âœ¨ #muslimah #islam #shorts,The Mizaan,islam
Â Don't act like his spouse until you ACTUALLY are ðŸ’ #islam #muslimah,The Mizaan,islam
Â 6 islamic mindful habits to implement this fall ðŸ,The Mizaan,islamic
Â 7 things that transformed me as a Muslimah âœ¨ #islam,The Mizaan,islam
Â Quran Study 101 ðŸ“š | Simple + Easy Steps ðŸŒ±,deenandchai,quran
Â 7 Books To Read To Grow in Faith ðŸŒ±,deenandchai,faith
Â Bihar Political Crisis Live : BJP à¤¦à¥‡à¤–à¤¤à¥‡ à¤°à¤¹à¥€..Tejashwi Yadav à¤¸à¤°à¤•à¤¾à¤° à¤¬à¤¨à¤¾à¤¨à¥‡ à¤œà¤¾ à¤°à¤¹à¥‡ ? | Lalu Yadav | RJD,News18 Bihar Jharkhand,political
Â Mehmed the Conqueror | Edit | Rise of Empires: Ottoman,ZARAN.AEP.,empires
Â Baang-e-Dara: 163 | Tulu-e-Islam | THE RISE OF ISLAM | Allama Iqbal | Iqbaliyat | AadhiBaat,AadhiBaat,islam
Â Bihar Political Crisis Live Updates : à¤¤à¥‡à¤œà¤¸à¥à¤µà¥€ à¤¨à¥‡ à¤•à¤° à¤¦à¤¿à¤¯à¤¾ à¤¸à¤°à¤•à¤¾à¤° à¤¬à¤¨à¤¾à¤¨à¥‡ à¤•à¤¾ à¤¦à¤¾à¤µà¤¾ | Lalu Yadav | Tejashwi,News18 Bihar Jharkhand,political
Â MPs attack Rishi Sunak for backing Israel despite war crimes in Gaza at PMQs,PoliticsJOE,gaza
Â Palestinian photojournalist Motaz Azaiza arrives in Qatar after evacuation from Gaza,Al Jazeera English,gaza
Â Haza Salam / Lima la la la /Pray for Palestine/ Stand for Palestine,Sunia's DIY,salam
Â Turkish President Recep Tayyip Erdogan meets children in Istanbul,VideoNews,erdogan
"Â Turkish President Recep Tayyip Erdogan meets children A kid gives ""tesbih""",Pakistan news TV,erdogan
"Â Bana Alabed, the tweeting Aleppo girl meets President Erdogan - Daily Mail",Daily Mail,erdogan
"Â Erdogan to Macron: 'Letâ€™s get you in the Turkic union, too'",TRT World,erdogan
Â Allama Saad Hussain Rizvi | Election Campaign 2024 | Complete Bayan,Tehreek Labbaik Pakistan Official,allama
Â Turkish President Erdogan Best Speech (English Subtitles),Political Speech,erdogan
Â power of muslim || islam power ðŸ”¥ || #trending #viral #islam #muslimpowers #shorts #short #ytshorts,faraz 07 shorts,muslim
Â The Way of The Tears - Exclusive Nasheed - Muhammad al Muqit,MercifulServant,muhammad
Â Rise of Empires Ottoman | Fall of Constantinople | Cinematic Story,MXK EDITZ,empires
"Â Erdogan visits al-Aqsa mosque, meets Shalom",AP Archive,erdogan
Â ERDOGAN (HERO SPEECH) End to All the Games All Around The World with English Subtitle,TÃ¼rkiye with English Subtitles,erdogan
Â Saudi crown prince calls on Iran to cooperate with IAEA,Al Arabiya English,saudi
Â ERDOGAN SPEECH TO ISLAMIC WORLD FOR PEACE - [MUSLIM VIDEOS],TÃ¼rkiye with English Subtitles,erdogan
Â THEY WON'T SUCCEED [historical speech] #2016 ERDOGAN with English Subtitles,TÃ¼rkiye with English Subtitles,erdogan
Â Angry President Erdogan's Fervent Speeches (english subtitle),Political Speech,erdogan
"Â Turkiye, Iran Reiterate Support For Palestine: Turkish President Erdogan | Dawn News English",DawnNews English,iran
Â Rise of Empires: Ottoman,ATELJE FILM,empires
Â Rise of Empires: Ottoman 2. Sezon | 2. Resmi Fragman | Netflix,Netflix TÃ¼rkiye,empires
Â Rise of Empires: Ottoman | 2. Sezon Resmi FragmanÄ± | Netflix,Netflix TÃ¼rkiye,empires
Â This Video Will END Your P*RN Addiction (Islam Based),BraveDeen,islam
Â Pro-Israel Supporter Accidentally Admits To Genocide In Gaza | Dawn News English,DawnNews English,gaza
Â [HD] The Last Caliph||Sultan Abdul Hamid Han||Cinematic Edit,SaadiEdits,caliph
Â The fall of Ottoman Empire | Osman Ghazi | Payitaht AbdÃ¼lhamid,ABLAZE Edits,ottoman
Â Poor Fisherman philosophy about happiness ðŸ˜Š,Learn with hustler,philosophy
Â Ebrahim Raisi: Quran will never burn ðŸ˜âœŒï¸ [Quran - \Edit],Syed Kumail - Editz,quran
Â History of Saddam ðŸ‡®ðŸ‡¶|Â¦ØªØ§Ø±ÙŠØ® ØµØ¯Ø§Ù… ØØ³ÙŠÙ† ||à¤¸à¤¦à¥à¤¦à¤¾à¤® à¤¹à¥à¤¸à¥ˆà¤¨ Â¦Saddam Hussein Â¦#foryou #shorts #youtubeshort,ð™‰ð˜¼ð™’ð˜¼ð™•_ð“§_ð™„ð™‡ð™‡ð˜¼ð™ƒð™„,history
Â Try hijab to a beautiful girl #religion #hijab #shortvideo #muslimah #shorts,Shehriyar,hijab
Â quran surah noor verse 61 #quran #religion #onlinequran,Quran at AJK Times,quran
Â hijab girl power / muslim girl attitude #islamicshort #viral #youtubeshorts,Best_of_islam,hijab
Â Mughal using Cannons First Time in India #mughalkings #shorts,Saddar Waqas Mughal Official,mughal
Â Peace Be Unto You âœï¸ðŸ¤â˜ªï¸ #christian #muslim #islam,Madwolf475,muslim
Â Marriage giftðŸŽin 15th century ðŸ˜ Mughal+ safavid ðŸ¤ Great Empires Babar Status,Saddar Waqas Mughal Official,mughal
Â Osman Meets Ertugrul After Many Years! #shorts #ertugrul #osman,ItZ VanQuiSheR,ertugrul
Â Sultan Murad Khan the last undefeated Islamic Khalifa to fight on a battlefield,The Ottoman World,islamic
Â Ottoman scientist that surprised the Ottoman Empire,The Ottoman World,ottoman
Â Ottoman Empire x Mughal Empire (Two Greatest Islamic Turk Dynasty),The Ottoman World,ottoman
Â The Forest of Corpses rise of empires Ottoman season 2 #movie #whatsapp #film #riseofempires,Movie 101,empires
Â Top 5 Undefeatable Sultan Of Ottoman Empire | Rise Of The Ottoman Empire,Original Stories,ottoman
Â #russian #empire ðŸ‡·ðŸ‡º vs #ottoman #empire ðŸ‡¹ðŸ‡·,Geographyify,empire
Â Ottoman Empire x Mughal Empire (Two Greatest Islamic Turk Dynasty),The Ottoman World,ottoman
Â Koi bataye Daryaun ko..part1 #new #viral #islamic#shorts#hamd #ytshorts @deep_thoughtx,deep_thoughtx,islamic
"Â "" THEY WILL TRY "" || QUICK EDIT || FATIH SULTAN MEHMET || RISE OF EMPIRES: OTTOMAN #shorts",ZARAN.AEP.,empires
"Â India: After Ram temple inauguration, Hindu nationalist groups eye other mosque sites â€¢ FRANCE 24",FRANCE 24 English,mosque
Â Fatih Sultan Mehmet - Rise Of Empires Ottoman Ä°stanbul Fethi Gangsta's Paradise 4k,TÃœRK EDÄ°T,empires
Â Rise of Empire OTTOMAN | Sultan Mehmed VS Vlad Dracula #reality #ottomanempire #constantinople,H PATHAN,empire
Â Sultan Mehmed Rise Of Empire OTTOMAN | Season I |#islamic #constantinople #istanbul #ottomanempire,H PATHAN,empire
Â Sultan Mehmed the Conquer | unforgettable X unstoppable | #islamic #constantinople #ottomanempire,H PATHAN,islamic
Â Rise of Empires:ottoman - (Mehmed Vs Vlad part 1) - PHONK MÄ°DNÄ°GHT EDÄ°T,Ä°mPeralis,empires
Â Mehmed the Conqueror | Edit | Rise of Empires: Ottoman,ZARAN.AEP.,empires
Â Fall of Jerusalem (Ottoman Empire World War I),edhaje,jerusalem
Â Taliban military Attitude Status || Islamic Emirate Forces #taliban #military #attitude #army#shorts,Mr Mujahid,islamic
Â Boy steals limelight from Turkey's Erdogan,The National News,turkey
Â Biden greets Erdogan with military salute,TRT World,erdogan
Â Recep Erdogan: Turkeyâ€™s Polarising President,Media India Group,erdogan
"Â Erdogan meets Turkish astronaut, commends him ahead of space mission",TRT World,erdogan
Â Erdogan cries at poem celebrating Muslim Brotherhood politician's daughter,euronews,erdogan
Â â€œNetanyahu Is A Terroristâ€ | Erdogan Threatens To Declare Israel A â€œWar Criminalâ€,CRUX,erdogan
Â Turkish President Tayyip Erdogan Wins Again...,India Today,erdogan
"Â Turkey's Erdogan Meets Britain's Queen, PM May",Voice of America,turkey
Â Meet Baby Erdogan,Middle East Eye,erdogan
Â Aleppo's Tweeting Girl: Bana Alabed meets Turkish President Erdogan,TRT World,erdogan
"Â Erdogan slammed for telling sobbing girl, 6, her 'martyrdom' would be honoured",euronews,erdogan
Â WRAP World leaders attend Erdogan daughter's marriage,AP Archive,erdogan
Â Religious man who went viral for dancing at Erdogan election victory celebrations asks forgiveness,Middle East Eye,erdogan
Â Turkish President Erdogan says â€˜Islamic worldâ€™ is watching Turkeyâ€™s upcoming elections,Middle East Eye,erdogan
Â President Erdogan recites Quran at reopening of Hagia Sophia as mosque,TRT World,erdogan
Â Syrian girl who tweeted from Aleppo meets Turkish President Erdogan,Yahoo,erdogan
"Â Bana Alabed, the tweeting Aleppo girl meets President Erdogan - Daily Mail",Daily Mail,erdogan
"Â Syrian girl blogger, 7, meets Erdogan after evacuation",AFP News Agency,erdogan
Â Palestinian teenager meets Turkey's President Recep Tayyip Erdogan,TRT World,turkey
Â 7-year-old girl from Aleppo Bana Alabed meets President Erdogan,Middle East Eye,erdogan
Â REPLAY - Erdogan: 'I will be here until I'm in the grave' â€¢ FRANCE 24 English,FRANCE 24 English,erdogan
Â Thousands wait for Erdoganâ€™s victory speech in Ankara,TRT World,ankara
Â TURKEY: ERDOGAN SPEAKS AS UNREST CONTINUES,CNN,turkey
Â Erdogan sings after claiming election victory | AJ #shorts,Al Jazeera English,erdogan
Â World Is One: President Recep Tayyip Erdogan's exclusive interview with WION,WION,erdogan
Â Rise of Empires: Ottoman | Mehmed the Conqueror's speech in Wallachia,Alp Tekin,empires
Â Rise Of Empires: Ottoman Mehter MarÅŸÄ± Sahnesi,StormShadowTR,empires
Â Rise of Empires Ottoman - Fatih Sultan Mehmet ve Giustiniani Sahnesi (TR AltyazÄ±lÄ±),Åžafak,empires
Â Rise Of Empires Ottoman || Mehmed the Conqueror,anthemisia,empires
Â Khadim hussain rizvi emotional beyan ðŸ˜¥ðŸ’” Hazrat Khizer Ka Waqia,KHR_Army,khadim
Â Munafaq ki pahchan | Allama Khadim Hussain Rizvi | Best clip | #tlpbspofficial,TLP BSP Official,allama
Â ertugrul Ghazi||ki nasihat kutte ko#shorts #viral #allahuakbar #allah #youtubeshorts,No 1 Islam,ertugrul
Â Last Namaz Of Imam Hussain #islam #shorts,SRNX,islam
Â CONQUEST OF CONSTANTINOPLE || FATIH SULTAN MEHMET || EDIT || RISE OF EMPIRES : OTTOMAN #shorts,ZARAN.AEP.,empires
Â Osman Sahab ko Zeher Diya Gaya hai #short,RNG EDITX,sahab
Â Ertugrul and Usman Real Life | Ertugrul Ghazi | #shorts #viral #InstantIslam,Be With Niaz,ertugrul
Â Ertugrul funny clip. ðŸ˜‚,Saad Baig,ertugrul
Â END OF SANJARâ€¢Ertugrul Ghaziâ€¢#shorts,I Y I 2.0 OFFICIAL,ertugrul
Â ðŸ’ªErtugrul bey next level entryâš”ï¸ðŸ”¥ || Dirilis Ertugrul attitude status || #shorts #youtubeshorts,Raza editz,ertugrul
Â Ertugrul fight scene | best hd clip | Jb creations #shorts,JAVED EDITZ,ertugrul
Â Tribute to the Ottoman Sultans,The Ottoman World,ottoman
Â Pran Pratishtha à¤¸à¥‡ à¤ à¥€à¤• à¤ªà¤¹à¤²à¥‡ Asaduddin Owaisi à¤¨à¥‡ Babri Masjid à¤ªà¤° à¤•à¥à¤¯à¤¾ à¤¬à¥‹à¤²à¥‡?,NMF News,masjid
Â Sultan Muhammad Al-Fateh Status,The Ottoman World,muhammad
Â koi batae dariya ko# wonder of nature# creator Allah # yt new# viral # nature shorts,Sheherin. cutie ðŸ¥° pie,allah
Â Sultan Muhammad Fatih Conquest of Constantinople,The Ottoman World,muhammad
Â Mehmed the Conqueror ðŸ”¥ Rise of Empires: Ottoman ðŸ‡¹ðŸ‡·,Rapid History,empires
Â Mehmed the Conqueror | Edit | Rise of Empires: Ottoman,ZARAN.AEP.,empires
Â Mehmed II one of the greatest #shorts #history #netflix #mehmed #constantinople,Drifty Edits,history
Â [HD] The Last Caliph||Sultan Abdul Hamid Han||Cinematic Edit,SaadiEdits,caliph
Â Fall Of Ottoman Empire | Emotional Scene | Must Watch Video |,t4fq,ottoman
Â The fall of Ottoman Empire | Osman Ghazi | Payitaht AbdÃ¼lhamid,ABLAZE Edits,ottoman
Â Sultan Abdul Hamid II Sholat Jumat di Masjid Hamidiye Istanbul tahun 1908 [ID SUB],Bimo K.A.,masjid
Â Manjnu se Shehr Chora tu sehra bhi chor dy || Allama Iqbal #1million #subscribe #allamaiqbalpoetry,ð™‰ð™šð™ªð™©ð™§ð™¤ð™©ð™žð™,allama
Â Baang-e-Dara: 163 | Tulu-e-Islam | THE RISE OF ISLAM | Allama Iqbal | Iqbaliyat | AadhiBaat,AadhiBaat,islam
Â Quran: 109. Surah Al-Kafirun (The Disbelievers): Arabic and English translation HD,Quran Reader,quran
Â Quran: 110. Surah An-Nasr (Divine Support): Arabic and English translation HD,The Meaning Of Islam,quran
Â [HD] The Last Caliph||Sultan Abdul Hamid Han||Cinematic Edit,SaadiEdits,caliph
Â [HD] The Last Caliph||Sultan Abdul Hamid Han||Cinematic Edit,SaadiEdits,caliph
Â Masjid Al Aqsa | Sultan AbdulHamid | Palestine Edit,The MK Editz,masjid
